iter	CrossEntropy	Accuracy	F1
0	0.6093720835	0.9854015316	0.2219895288
500	0.0333831086	0.9874989562	0.4494916721
1000	0.03013907939	0.9890560607	0.5449346405
1500	0.02770552802	0.990131789	0.6025717112
1999	0.02568000137	0.9910503333	0.6486694948
