iter	CrossEntropy	Accuracy	F1
0	0.6156595651	0.983682331	0
500	0.04832494883	0.9840310831	0.1597311967
1000	0.04811548761	0.9840310831	0.1597311967
1500	0.04805142047	0.9840310831	0.1597311967
1999	0.04801483513	0.9840310831	0.1597311967
