iter	CrossEntropy	Accuracy	F1
0	0.6200999442	0.983682331	0
500	0.04515326056	0.9849152434	0.2254728878
1000	0.04318420511	0.9857355477	0.2971926428
1500	0.04154794856	0.9864526999	0.3461356093
1999	0.0403032954	0.986914428	0.3764044944
