iter	CrossEntropy	Accuracy	F1
0	0.6093720835	0.9854015316	0.2219895288
500	0.03337438308	0.9875480762	0.4523655217
1000	0.03009429095	0.9890364127	0.5437448896
1500	0.02767860795	0.990210381	0.6069808716
1999	0.02565683965	0.9910257733	0.6476374156
